expected,actual,error,max_error,pass
8.107985496520996,0.0,8.107985496520996,8.107985496520996e-06,False
7.07294225692749,0.0,7.07294225692749,7.07294225692749e-06,False
8.46229362487793,0.0,8.46229362487793,8.46229362487793e-06,False
8.13248348236084,0.0,8.13248348236084,8.132483482360839e-06,False
7.920883655548096,0.0,7.920883655548096,7.920883655548096e-06,False
8.938384056091309,0.0,8.938384056091309,8.938384056091308e-06,False
7.776005744934082,0.0,7.776005744934082,7.776005744934081e-06,False
8.425843238830566,0.0,8.425843238830566,8.425843238830566e-06,False
7.8968095779418945,0.0,7.8968095779418945,7.896809577941895e-06,False
8.148056030273438,0.0,8.148056030273438,8.148056030273437e-06,False
8.050950050354004,0.0,8.050950050354004,8.050950050354004e-06,False
8.74523639678955,0.0,8.74523639678955,8.74523639678955e-06,False
8.406359672546387,0.0,8.406359672546387,8.406359672546387e-06,False
8.394930839538574,0.0,8.394930839538574,8.394930839538575e-06,False
8.140288352966309,0.0,8.140288352966309,8.140288352966308e-06,False
6.5013041496276855,0.0,6.5013041496276855,6.501304149627685e-06,False
9.166695594787598,0.0,9.166695594787598,9.166695594787597e-06,False
7.403434753417969,0.0,7.403434753417969,7.403434753417969e-06,False
7.41780424118042,0.0,7.41780424118042,7.41780424118042e-06,False
8.406553268432617,0.0,8.406553268432617,8.406553268432617e-06,False
9.582483291625977,0.0,9.582483291625977,9.582483291625977e-06,False
6.258503437042236,0.0,6.258503437042236,6.258503437042236e-06,False
7.040290832519531,0.0,7.040290832519531,7.040290832519531e-06,False
7.015505790710449,0.0,7.015505790710449,7.015505790710449e-06,False
9.598775863647461,0.0,9.598775863647461,9.59877586364746e-06,False
7.3429155349731445,0.0,7.3429155349731445,7.3429155349731446e-06,False
7.842025279998779,0.0,7.842025279998779,7.84202527999878e-06,False
8.859418869018555,0.0,8.859418869018555,8.859418869018554e-06,False
7.407785892486572,0.0,7.407785892486572,7.407785892486572e-06,False
8.793155670166016,0.0,8.793155670166016,8.793155670166015e-06,False
8.960504531860352,0.0,8.960504531860352,8.96050453186035e-06,False
5.93958854675293,0.0,5.93958854675293,5.93958854675293e-06,False
8.163714408874512,0.0,8.163714408874512,8.16371440887451e-06,False
7.113251209259033,0.0,7.113251209259033,7.1132512092590325e-06,False
8.522041320800781,0.0,8.522041320800781,8.52204132080078e-06,False
8.136190414428711,0.0,8.136190414428711,8.13619041442871e-06,False
7.932803630828857,0.0,7.932803630828857,7.932803630828858e-06,False
8.875182151794434,0.0,8.875182151794434,8.875182151794433e-06,False
7.795629978179932,0.0,7.795629978179932,7.79562997817993e-06,False
8.431986808776855,0.0,8.431986808776855,8.431986808776855e-06,False
7.859021186828613,0.0,7.859021186828613,7.859021186828613e-06,False
8.165536880493164,0.0,8.165536880493164,8.165536880493163e-06,False
8.009634971618652,0.0,8.009634971618652,8.009634971618653e-06,False
8.741079330444336,0.0,8.741079330444336,8.741079330444335e-06,False
8.374812126159668,0.0,8.374812126159668,8.374812126159668e-06,False
8.38548469543457,0.0,8.38548469543457,8.38548469543457e-06,False
8.110054016113281,0.0,8.110054016113281,8.11005401611328e-06,False
6.517014026641846,0.0,6.517014026641846,6.5170140266418454e-06,False
9.112483978271484,0.0,9.112483978271484,9.112483978271485e-06,False
7.411522388458252,0.0,7.411522388458252,7.411522388458252e-06,False
7.348681926727295,0.0,7.348681926727295,7.348681926727294e-06,False
8.417652130126953,0.0,8.417652130126953,8.417652130126952e-06,False
9.500213623046875,0.0,9.500213623046875,9.500213623046875e-06,False
6.336939334869385,0.0,6.336939334869385,6.3369393348693845e-06,False
7.023193359375,0.0,7.023193359375,7.023193359374999e-06,False
6.989092826843262,0.0,6.989092826843262,6.989092826843262e-06,False
9.565465927124023,0.0,9.565465927124023,9.565465927124023e-06,False
7.3862128257751465,0.0,7.3862128257751465,7.386212825775146e-06,False
7.8148698806762695,0.0,7.8148698806762695,7.81486988067627e-06,False
8.747841835021973,0.0,8.747841835021973,8.747841835021973e-06,False
7.424543857574463,0.0,7.424543857574463,7.424543857574463e-06,False
8.833989143371582,0.0,8.833989143371582,8.833989143371582e-06,False
8.930475234985352,0.0,8.930475234985352,8.930475234985351e-06,False
5.99239444732666,0.0,5.99239444732666,5.99239444732666e-06,False
8.128443717956543,0.0,8.128443717956543,8.128443717956543e-06,False
7.083318710327148,0.0,7.083318710327148,7.083318710327148e-06,False
8.481781959533691,0.0,8.481781959533691,8.48178195953369e-06,False
8.163476943969727,0.0,8.163476943969727,8.163476943969725e-06,False
7.895157337188721,0.0,7.895157337188721,7.89515733718872e-06,False
8.914982795715332,0.0,8.914982795715332,8.914982795715332e-06,False
7.815637111663818,0.0,7.815637111663818,7.815637111663818e-06,False
8.48354721069336,0.0,8.48354721069336,8.483547210693358e-06,False
7.883612632751465,0.0,7.883612632751465,7.883612632751465e-06,False
8.075044631958008,0.0,8.075044631958008,8.075044631958007e-06,False
8.022514343261719,0.0,8.022514343261719,8.022514343261718e-06,False
8.75473690032959,0.0,8.75473690032959,8.75473690032959e-06,False
8.38523006439209,0.0,8.38523006439209,8.38523006439209e-06,False
8.387149810791016,0.0,8.387149810791016,8.387149810791015e-06,False
8.087010383605957,0.0,8.087010383605957,8.087010383605956e-06,False
6.447857856750488,0.0,6.447857856750488,6.447857856750488e-06,False
9.167398452758789,0.0,9.167398452758789,9.16739845275879e-06,False
7.43141508102417,0.0,7.43141508102417,7.43141508102417e-06,False
7.407820224761963,0.0,7.407820224761963,7.407820224761962e-06,False
8.39100170135498,0.0,8.39100170135498,8.39100170135498e-06,False
9.551609992980957,0.0,9.551609992980957,9.551609992980957e-06,False
6.313595771789551,0.0,6.313595771789551,6.313595771789551e-06,False
7.031860828399658,0.0,7.031860828399658,7.031860828399658e-06,False
6.994997978210449,0.0,6.994997978210449,6.994997978210449e-06,False
9.597917556762695,0.0,9.597917556762695,9.597917556762695e-06,False
7.40031623840332,0.0,7.40031623840332,7.40031623840332e-06,False
7.8873419761657715,0.0,7.8873419761657715,7.887341976165772e-06,False
8.795452117919922,0.0,8.795452117919922,8.795452117919922e-06,False
7.411308288574219,0.0,7.411308288574219,7.411308288574218e-06,False
8.83420467376709,0.0,8.83420467376709,8.83420467376709e-06,False
8.94154167175293,0.0,8.94154167175293,8.94154167175293e-06,False
5.993588447570801,0.0,5.993588447570801,5.993588447570801e-06,False
8.182645797729492,0.0,8.182645797729492,8.182645797729492e-06,False
7.113086223602295,0.0,7.113086223602295,7.113086223602295e-06,False
8.571405410766602,0.0,8.571405410766602,8.571405410766601e-06,False
8.197794914245605,0.0,8.197794914245605,8.197794914245604e-06,False
8.001142501831055,0.0,8.001142501831055,8.001142501831055e-06,False
8.938997268676758,0.0,8.938997268676758,8.938997268676757e-06,False
7.837133407592773,0.0,7.837133407592773,7.837133407592773e-06,False
8.513014793395996,0.0,8.513014793395996,8.513014793395995e-06,False
7.918050765991211,0.0,7.918050765991211,7.918050765991211e-06,False
8.07730770111084,0.0,8.07730770111084,8.07730770111084e-06,False
7.964095115661621,0.0,7.964095115661621,7.96409511566162e-06,False
8.770352363586426,0.0,8.770352363586426,8.770352363586425e-06,False
8.431396484375,0.0,8.431396484375,8.431396484374999e-06,False
8.419816017150879,0.0,8.419816017150879,8.419816017150878e-06,False
8.16279125213623,0.0,8.16279125213623,8.162791252136231e-06,False
6.505815505981445,0.0,6.505815505981445,6.505815505981445e-06,False
9.146905899047852,0.0,9.146905899047852,9.14690589904785e-06,False
7.464963436126709,0.0,7.464963436126709,7.464963436126709e-06,False
7.3639631271362305,0.0,7.3639631271362305,7.36396312713623e-06,False
8.404594421386719,0.0,8.404594421386719,8.404594421386719e-06,False
9.48560905456543,0.0,9.48560905456543,9.48560905456543e-06,False
6.291679859161377,0.0,6.291679859161377,6.291679859161377e-06,False
7.063048839569092,0.0,7.063048839569092,7.0630488395690916e-06,False
6.99311637878418,0.0,6.99311637878418,6.99311637878418e-06,False
9.58456802368164,0.0,9.58456802368164,9.58456802368164e-06,False
7.461148738861084,0.0,7.461148738861084,7.4611487388610835e-06,False
7.910162448883057,0.0,7.910162448883057,7.910162448883056e-06,False
8.812313079833984,0.0,8.812313079833984,8.812313079833984e-06,False
7.418328285217285,0.0,7.418328285217285,7.418328285217285e-06,False
8.858421325683594,0.0,8.858421325683594,8.858421325683593e-06,False
8.939279556274414,0.0,8.939279556274414,8.939279556274414e-06,False
6.049067497253418,0.0,6.049067497253418,6.049067497253417e-06,False
8.429648399353027,0.0,8.429648399353027,8.429648399353027e-06,False
7.274083614349365,0.0,7.274083614349365,7.274083614349365e-06,False
8.710556030273438,0.0,8.710556030273438,8.710556030273438e-06,False
8.372678756713867,0.0,8.372678756713867,8.372678756713867e-06,False
8.236660957336426,0.0,8.236660957336426,8.236660957336426e-06,False
9.1709566116333,0.0,9.1709566116333,9.1709566116333e-06,False
8.073700904846191,0.0,8.073700904846191,8.07370090484619e-06,False
8.70908260345459,0.0,8.70908260345459,8.70908260345459e-06,False
8.067747116088867,0.0,8.067747116088867,8.067747116088867e-06,False
8.414653778076172,0.0,8.414653778076172,8.414653778076172e-06,False
8.242435455322266,0.0,8.242435455322266,8.242435455322266e-06,False
8.971339225769043,0.0,8.971339225769043,8.971339225769043e-06,False
8.487218856811523,0.0,8.487218856811523,8.487218856811522e-06,False
8.650495529174805,0.0,8.650495529174805,8.650495529174804e-06,False
8.307174682617188,0.0,8.307174682617188,8.307174682617187e-06,False
6.642871379852295,0.0,6.642871379852295,6.642871379852295e-06,False
9.307893753051758,0.0,9.307893753051758,9.307893753051757e-06,False
7.572184085845947,0.0,7.572184085845947,7.572184085845947e-06,False
7.632637023925781,0.0,7.632637023925781,7.63263702392578e-06,False
8.71472454071045,0.0,8.71472454071045,8.714724540710448e-06,False
9.797158241271973,0.0,9.797158241271973,9.797158241271972e-06,False
6.466391086578369,0.0,6.466391086578369,6.466391086578369e-06,False
7.160725116729736,0.0,7.160725116729736,7.160725116729736e-06,False
7.135087490081787,0.0,7.135087490081787,7.135087490081787e-06,False
9.794097900390625,0.0,9.794097900390625,9.794097900390624e-06,False
7.53559684753418,0.0,7.53559684753418,7.535596847534179e-06,False
8.070355415344238,0.0,8.070355415344238,8.070355415344237e-06,False
9.055254936218262,0.0,9.055254936218262,9.055254936218261e-06,False
7.5601725578308105,0.0,7.5601725578308105,7.56017255783081e-06,False
9.097393989562988,0.0,9.097393989562988,9.097393989562988e-06,False
9.146930694580078,0.0,9.146930694580078,9.146930694580077e-06,False
6.165151119232178,0.0,6.165151119232178,6.165151119232178e-06,False
8.185054779052734,0.0,8.185054779052734,8.185054779052734e-06,False
7.059576988220215,0.0,7.059576988220215,7.059576988220214e-06,False
8.541119575500488,0.0,8.541119575500488,8.541119575500489e-06,False
8.094549179077148,0.0,8.094549179077148,8.094549179077149e-06,False
7.902041435241699,0.0,7.902041435241699,7.902041435241699e-06,False
8.82919692993164,0.0,8.82919692993164,8.82919692993164e-06,False
7.823315620422363,0.0,7.823315620422363,7.823315620422363e-06,False
8.384176254272461,0.0,8.384176254272461,8.38417625427246e-06,False
7.859036922454834,0.0,7.859036922454834,7.859036922454833e-06,False
8.145341873168945,0.0,8.145341873168945,8.145341873168945e-06,False
7.921217441558838,0.0,7.921217441558838,7.921217441558837e-06,False
8.721670150756836,0.0,8.721670150756836,8.721670150756836e-06,False
8.327737808227539,0.0,8.327737808227539,8.327737808227538e-06,False
8.328169822692871,0.0,8.328169822692871,8.32816982269287e-06,False
8.101006507873535,0.0,8.101006507873535,8.101006507873534e-06,False
6.473381519317627,0.0,6.473381519317627,6.4733815193176265e-06,False
9.073572158813477,0.0,9.073572158813477,9.073572158813476e-06,False
7.492115497589111,0.0,7.492115497589111,7.492115497589111e-06,False
7.308290481567383,0.0,7.308290481567383,7.308290481567382e-06,False
8.30391788482666,0.0,8.30391788482666,8.30391788482666e-06,False
9.401338577270508,0.0,9.401338577270508,9.401338577270507e-06,False
6.237552165985107,0.0,6.237552165985107,6.237552165985107e-06,False
7.025213241577148,0.0,7.025213241577148,7.025213241577148e-06,False
6.964968204498291,0.0,6.964968204498291,6.9649682044982905e-06,False
9.567075729370117,0.0,9.567075729370117,9.567075729370117e-06,False
7.481899738311768,0.0,7.481899738311768,7.481899738311767e-06,False
7.906090259552002,0.0,7.906090259552002,7.906090259552001e-06,False
8.678504943847656,0.0,8.678504943847656,8.678504943847655e-06,False
7.4271955490112305,0.0,7.4271955490112305,7.4271955490112305e-06,False
8.886723518371582,0.0,8.886723518371582,8.886723518371582e-06,False
8.785709381103516,0.0,8.785709381103516,8.785709381103516e-06,False
6.097118377685547,0.0,6.097118377685547,6.097118377685547e-06,False
8.322932243347168,0.0,8.322932243347168,8.322932243347167e-06,False
7.201509952545166,0.0,7.201509952545166,7.201509952545166e-06,False
8.67199420928955,0.0,8.67199420928955,8.67199420928955e-06,False
8.314062118530273,0.0,8.314062118530273,8.314062118530274e-06,False
8.08882999420166,0.0,8.08882999420166,8.08882999420166e-06,False
9.127425193786621,0.0,9.127425193786621,9.12742519378662e-06,False
7.9566264152526855,0.0,7.9566264152526855,7.956626415252685e-06,False
8.642396926879883,0.0,8.642396926879883,8.642396926879883e-06,False
7.9948625564575195,0.0,7.9948625564575195,7.994862556457519e-06,False
8.312499046325684,0.0,8.312499046325684,8.312499046325683e-06,False
8.130095481872559,0.0,8.130095481872559,8.130095481872558e-06,False
8.846880912780762,0.0,8.846880912780762,8.846880912780761e-06,False
8.47395133972168,0.0,8.47395133972168,8.473951339721679e-06,False
8.586068153381348,0.0,8.586068153381348,8.586068153381348e-06,False
8.363638877868652,0.0,8.363638877868652,8.363638877868653e-06,False
6.631601333618164,0.0,6.631601333618164,6.631601333618164e-06,False
9.292144775390625,0.0,9.292144775390625,9.292144775390625e-06,False
7.574288845062256,0.0,7.574288845062256,7.574288845062256e-06,False
7.502768516540527,0.0,7.502768516540527,7.502768516540527e-06,False
8.600236892700195,0.0,8.600236892700195,8.600236892700195e-06,False
9.785807609558105,0.0,9.785807609558105,9.785807609558105e-06,False
6.366710186004639,0.0,6.366710186004639,6.366710186004638e-06,False
7.210719585418701,0.0,7.210719585418701,7.210719585418701e-06,False
7.133231163024902,0.0,7.133231163024902,7.133231163024902e-06,False
9.698637962341309,0.0,9.698637962341309,9.698637962341308e-06,False
7.5073933601379395,0.0,7.5073933601379395,7.507393360137939e-06,False
8.054884910583496,0.0,8.054884910583496,8.054884910583496e-06,False
8.95993423461914,0.0,8.95993423461914,8.95993423461914e-06,False
7.604859828948975,0.0,7.604859828948975,7.604859828948974e-06,False
8.95435905456543,0.0,8.95435905456543,8.954359054565428e-06,False
9.092670440673828,0.0,9.092670440673828,9.092670440673827e-06,False
6.138976573944092,0.0,6.138976573944092,6.1389765739440915e-06,False
8.122342109680176,0.0,8.122342109680176,8.122342109680175e-06,False
7.082362651824951,0.0,7.082362651824951,7.082362651824951e-06,False
8.573234558105469,0.0,8.573234558105469,8.573234558105468e-06,False
8.20589828491211,0.0,8.20589828491211,8.205898284912109e-06,False
8.016650199890137,0.0,8.016650199890137,8.016650199890137e-06,False
8.975420951843262,0.0,8.975420951843262,8.975420951843261e-06,False
7.8445963859558105,0.0,7.8445963859558105,7.84459638595581e-06,False
8.499983787536621,0.0,8.499983787536621,8.499983787536621e-06,False
7.886549472808838,0.0,7.886549472808838,7.886549472808838e-06,False
8.25053882598877,0.0,8.25053882598877,8.250538825988768e-06,False
7.936875820159912,0.0,7.936875820159912,7.936875820159912e-06,False
8.735923767089844,0.0,8.735923767089844,8.735923767089844e-06,False
8.391610145568848,0.0,8.391610145568848,8.391610145568848e-06,False
8.466692924499512,0.0,8.466692924499512,8.46669292449951e-06,False
8.263777732849121,0.0,8.263777732849121,8.26377773284912e-06,False
6.572919845581055,0.0,6.572919845581055,6.5729198455810545e-06,False
9.12620735168457,0.0,9.12620735168457,9.12620735168457e-06,False
7.476485252380371,0.0,7.476485252380371,7.476485252380371e-06,False
7.365362167358398,0.0,7.365362167358398,7.365362167358398e-06,False
8.406942367553711,0.0,8.406942367553711,8.40694236755371e-06,False
9.532217025756836,0.0,9.532217025756836,9.532217025756835e-06,False
6.299139976501465,0.0,6.299139976501465,6.299139976501464e-06,False
7.111489772796631,0.0,7.111489772796631,7.1114897727966304e-06,False
6.968692302703857,0.0,6.968692302703857,6.968692302703857e-06,False
9.589836120605469,0.0,9.589836120605469,9.589836120605468e-06,False
7.377025604248047,0.0,7.377025604248047,7.377025604248047e-06,False
7.942399024963379,0.0,7.942399024963379,7.942399024963378e-06,False
8.786340713500977,0.0,8.786340713500977,8.786340713500977e-06,False
7.483096122741699,0.0,7.483096122741699,7.483096122741699e-06,False
8.78575325012207,0.0,8.78575325012207,8.78575325012207e-06,False
9.007118225097656,0.0,9.007118225097656,9.007118225097655e-06,False
6.147448539733887,0.0,6.147448539733887,6.147448539733886e-06,False
8.052854537963867,0.0,8.052854537963867,8.052854537963867e-06,False
7.1020331382751465,0.0,7.1020331382751465,7.1020331382751464e-06,False
8.562505722045898,0.0,8.562505722045898,8.562505722045897e-06,False
8.240629196166992,0.0,8.240629196166992,8.240629196166993e-06,False
8.01546859741211,0.0,8.01546859741211,8.01546859741211e-06,False
8.939530372619629,0.0,8.939530372619629,8.939530372619628e-06,False
7.770635604858398,0.0,7.770635604858398,7.770635604858398e-06,False
8.503023147583008,0.0,8.503023147583008,8.503023147583007e-06,False
7.887045383453369,0.0,7.887045383453369,7.88704538345337e-06,False
8.146401405334473,0.0,8.146401405334473,8.146401405334473e-06,False
7.860591888427734,0.0,7.860591888427734,7.860591888427735e-06,False
8.69095230102539,0.0,8.69095230102539,8.69095230102539e-06,False
8.354134559631348,0.0,8.354134559631348,8.354134559631348e-06,False
8.442051887512207,0.0,8.442051887512207,8.442051887512207e-06,False
8.266487121582031,0.0,8.266487121582031,8.26648712158203e-06,False
6.581601619720459,0.0,6.581601619720459,6.581601619720459e-06,False
9.051486015319824,0.0,9.051486015319824,9.051486015319824e-06,False
7.415203094482422,0.0,7.415203094482422,7.415203094482422e-06,False
7.246912479400635,0.0,7.246912479400635,7.246912479400635e-06,False
8.387791633605957,0.0,8.387791633605957,8.387791633605957e-06,False
9.44861888885498,0.0,9.44861888885498,9.44861888885498e-06,False
6.204569339752197,0.0,6.204569339752197,6.204569339752197e-06,False
7.09442663192749,0.0,7.09442663192749,7.09442663192749e-06,False
6.925086498260498,0.0,6.925086498260498,6.925086498260498e-06,False
9.524858474731445,0.0,9.524858474731445,9.524858474731444e-06,False
7.3662590980529785,0.0,7.3662590980529785,7.366259098052978e-06,False
7.883095741271973,0.0,7.883095741271973,7.883095741271972e-06,False
8.75631332397461,0.0,8.75631332397461,8.756313323974608e-06,False
7.46197509765625,0.0,7.46197509765625,7.4619750976562494e-06,False
8.70948600769043,0.0,8.70948600769043,8.70948600769043e-06,False
9.007835388183594,0.0,9.007835388183594,9.007835388183593e-06,False
6.0704345703125,0.0,6.0704345703125,6.0704345703124994e-06,False
8.013790130615234,0.0,8.013790130615234,8.013790130615234e-06,False
7.027520179748535,0.0,7.027520179748535,7.0275201797485345e-06,False
8.449052810668945,0.0,8.449052810668945,8.449052810668944e-06,False
8.139300346374512,0.0,8.139300346374512,8.139300346374512e-06,False
7.923190593719482,0.0,7.923190593719482,7.923190593719482e-06,False
8.922894477844238,0.0,8.922894477844238,8.922894477844238e-06,False
7.849575996398926,0.0,7.849575996398926,7.849575996398925e-06,False
8.41718578338623,0.0,8.41718578338623,8.41718578338623e-06,False
7.874346733093262,0.0,7.874346733093262,7.874346733093261e-06,False
8.064963340759277,0.0,8.064963340759277,8.064963340759276e-06,False
7.911646842956543,0.0,7.911646842956543,7.911646842956543e-06,False
8.704473495483398,0.0,8.704473495483398,8.704473495483399e-06,False
8.332795143127441,0.0,8.332795143127441,8.33279514312744e-06,False
8.310225486755371,0.0,8.310225486755371,8.310225486755371e-06,False
8.118454933166504,0.0,8.118454933166504,8.118454933166504e-06,False
6.557124614715576,0.0,6.557124614715576,6.557124614715576e-06,False
9.077324867248535,0.0,9.077324867248535,9.077324867248535e-06,False
7.400015354156494,0.0,7.400015354156494,7.4000153541564935e-06,False
7.309779167175293,0.0,7.309779167175293,7.309779167175293e-06,False
8.381754875183105,0.0,8.381754875183105,8.381754875183105e-06,False
9.52101993560791,0.0,9.52101993560791,9.52101993560791e-06,False
6.216274738311768,0.0,6.216274738311768,6.216274738311767e-06,False
7.0750508308410645,0.0,7.0750508308410645,7.075050830841064e-06,False
6.9165849685668945,0.0,6.9165849685668945,6.916584968566894e-06,False
9.5491304397583,0.0,9.5491304397583,9.5491304397583e-06,False
7.4244513511657715,0.0,7.4244513511657715,7.424451351165771e-06,False
7.862362384796143,0.0,7.862362384796143,7.862362384796142e-06,False
8.816595077514648,0.0,8.816595077514648,8.816595077514647e-06,False
7.395745754241943,0.0,7.395745754241943,7.395745754241943e-06,False
8.780678749084473,0.0,8.780678749084473,8.780678749084472e-06,False
8.880342483520508,0.0,8.880342483520508,8.880342483520508e-06,False
6.0021843910217285,0.0,6.0021843910217285,6.002184391021729e-06,False
8.105119705200195,0.0,8.105119705200195,8.105119705200196e-06,False
7.0360307693481445,0.0,7.0360307693481445,7.036030769348144e-06,False
8.474658012390137,0.0,8.474658012390137,8.474658012390136e-06,False
8.091837882995605,0.0,8.091837882995605,8.091837882995605e-06,False
7.962253570556641,0.0,7.962253570556641,7.96225357055664e-06,False
8.921807289123535,0.0,8.921807289123535,8.921807289123535e-06,False
7.8114728927612305,0.0,7.8114728927612305,7.81147289276123e-06,False
8.430795669555664,0.0,8.430795669555664,8.430795669555664e-06,False
7.8632988929748535,0.0,7.8632988929748535,7.863298892974853e-06,False
8.144471168518066,0.0,8.144471168518066,8.144471168518066e-06,False
7.925079822540283,0.0,7.925079822540283,7.925079822540282e-06,False
8.732451438903809,0.0,8.732451438903809,8.732451438903809e-06,False
8.359270095825195,0.0,8.359270095825195,8.359270095825194e-06,False
8.33893871307373,0.0,8.33893871307373,8.338938713073731e-06,False
8.148907661437988,0.0,8.148907661437988,8.148907661437988e-06,False
6.453073978424072,0.0,6.453073978424072,6.453073978424072e-06,False
9.126025199890137,0.0,9.126025199890137,9.126025199890137e-06,False
7.412621974945068,0.0,7.412621974945068,7.412621974945068e-06,False
7.355341911315918,0.0,7.355341911315918,7.355341911315918e-06,False
8.358559608459473,0.0,8.358559608459473,8.358559608459473e-06,False
9.467145919799805,0.0,9.467145919799805,9.467145919799804e-06,False
6.2665019035339355,0.0,6.2665019035339355,6.2665019035339356e-06,False
7.006059646606445,0.0,7.006059646606445,7.006059646606445e-06,False
6.951052188873291,0.0,6.951052188873291,6.951052188873291e-06,False
9.574472427368164,0.0,9.574472427368164,9.574472427368164e-06,False
7.378935813903809,0.0,7.378935813903809,7.378935813903808e-06,False
7.91238260269165,0.0,7.91238260269165,7.91238260269165e-06,False
8.755926132202148,0.0,8.755926132202148,8.755926132202148e-06,False
7.386651515960693,0.0,7.386651515960693,7.386651515960693e-06,False
8.814937591552734,0.0,8.814937591552734,8.814937591552734e-06,False
8.888726234436035,0.0,8.888726234436035,8.888726234436034e-06,False
6.140503883361816,0.0,6.140503883361816,6.140503883361816e-06,False
8.279362678527832,0.0,8.279362678527832,8.279362678527831e-06,False
7.2914557456970215,0.0,7.2914557456970215,7.291455745697021e-06,False
8.775444984436035,0.0,8.775444984436035,8.775444984436034e-06,False
8.529620170593262,0.0,8.529620170593262,8.52962017059326e-06,False
8.25467586517334,0.0,8.25467586517334,8.25467586517334e-06,False
9.304506301879883,0.0,9.304506301879883,9.304506301879883e-06,False
7.978574275970459,0.0,7.978574275970459,7.978574275970458e-06,False
8.857418060302734,0.0,8.857418060302734,8.857418060302734e-06,False
8.011972427368164,0.0,8.011972427368164,8.011972427368163e-06,False
8.426403999328613,0.0,8.426403999328613,8.426403999328613e-06,False
8.121993064880371,0.0,8.121993064880371,8.121993064880371e-06,False
8.854138374328613,0.0,8.854138374328613,8.854138374328613e-06,False
8.540628433227539,0.0,8.540628433227539,8.54062843322754e-06,False
8.819478034973145,0.0,8.819478034973145,8.819478034973144e-06,False
8.491897583007812,0.0,8.491897583007812,8.491897583007812e-06,False
6.659877300262451,0.0,6.659877300262451,6.659877300262451e-06,False
9.307229042053223,0.0,9.307229042053223,9.307229042053223e-06,False
7.554728031158447,0.0,7.554728031158447,7.554728031158447e-06,False
7.505981922149658,0.0,7.505981922149658,7.505981922149658e-06,False
8.699224472045898,0.0,8.699224472045898,8.699224472045899e-06,False
9.708388328552246,0.0,9.708388328552246,9.708388328552246e-06,False
6.38975191116333,0.0,6.38975191116333,6.38975191116333e-06,False
7.219155788421631,0.0,7.219155788421631,7.2191557884216305e-06,False
7.102348804473877,0.0,7.102348804473877,7.102348804473877e-06,False
9.712547302246094,0.0,9.712547302246094,9.712547302246093e-06,False
7.3876051902771,0.0,7.3876051902771,7.387605190277099e-06,False
8.10046672821045,0.0,8.10046672821045,8.100466728210449e-06,False
8.998571395874023,0.0,8.998571395874023,8.998571395874022e-06,False
7.588797569274902,0.0,7.588797569274902,7.588797569274902e-06,False
8.925911903381348,0.0,8.925911903381348,8.925911903381347e-06,False
9.431314468383789,0.0,9.431314468383789,9.431314468383789e-06,False
6.252323150634766,0.0,6.252323150634766,6.252323150634765e-06,False
8.207862854003906,0.0,8.207862854003906,8.207862854003906e-06,False
7.199064254760742,0.0,7.199064254760742,7.199064254760742e-06,False
8.663125038146973,0.0,8.663125038146973,8.663125038146973e-06,False
8.369248390197754,0.0,8.369248390197754,8.369248390197754e-06,False
8.061120986938477,0.0,8.061120986938477,8.061120986938476e-06,False
9.138253211975098,0.0,9.138253211975098,9.138253211975098e-06,False
7.886051654815674,0.0,7.886051654815674,7.886051654815674e-06,False
8.738971710205078,0.0,8.738971710205078,8.738971710205077e-06,False
7.945917129516602,0.0,7.945917129516602,7.9459171295166e-06,False
8.270854949951172,0.0,8.270854949951172,8.270854949951172e-06,False
8.067370414733887,0.0,8.067370414733887,8.067370414733887e-06,False
8.755786895751953,0.0,8.755786895751953,8.755786895751953e-06,False
8.458702087402344,0.0,8.458702087402344,8.458702087402343e-06,False
8.650267601013184,0.0,8.650267601013184,8.650267601013184e-06,False
8.39084529876709,0.0,8.39084529876709,8.39084529876709e-06,False
6.602576732635498,0.0,6.602576732635498,6.6025767326354975e-06,False
9.254837036132812,0.0,9.254837036132812,9.254837036132812e-06,False
7.536339282989502,0.0,7.536339282989502,7.5363392829895015e-06,False
7.414261341094971,0.0,7.414261341094971,7.414261341094971e-06,False
8.572416305541992,0.0,8.572416305541992,8.572416305541992e-06,False
9.718315124511719,0.0,9.718315124511719,9.718315124511718e-06,False
6.3446455001831055,0.0,6.3446455001831055,6.344645500183105e-06,False
7.184212684631348,0.0,7.184212684631348,7.1842126846313475e-06,False
7.073849678039551,0.0,7.073849678039551,7.0738496780395504e-06,False
9.617962837219238,0.0,9.617962837219238,9.617962837219238e-06,False
7.371788024902344,0.0,7.371788024902344,7.371788024902343e-06,False
8.041824340820312,0.0,8.041824340820312,8.041824340820312e-06,False
8.909475326538086,0.0,8.909475326538086,8.909475326538086e-06,False
7.584721088409424,0.0,7.584721088409424,7.584721088409423e-06,False
8.832751274108887,0.0,8.832751274108887,8.832751274108887e-06,False
9.225902557373047,0.0,9.225902557373047,9.225902557373046e-06,False
6.14214563369751,0.0,6.14214563369751,6.1421456336975095e-06,False
8.134167671203613,0.0,8.134167671203613,8.134167671203612e-06,False
7.115106582641602,0.0,7.115106582641602,7.1151065826416014e-06,False
8.519171714782715,0.0,8.519171714782715,8.519171714782714e-06,False
8.114091873168945,0.0,8.114091873168945,8.114091873168945e-06,False
7.9127068519592285,0.0,7.9127068519592285,7.912706851959228e-06,False
8.863300323486328,0.0,8.863300323486328,8.863300323486328e-06,False
7.744922637939453,0.0,7.744922637939453,7.744922637939454e-06,False
8.45054817199707,0.0,8.45054817199707,8.45054817199707e-06,False
7.833977222442627,0.0,7.833977222442627,7.833977222442626e-06,False
8.147212982177734,0.0,8.147212982177734,8.147212982177733e-06,False
7.951424598693848,0.0,7.951424598693848,7.951424598693846e-06,False
8.722200393676758,0.0,8.722200393676758,8.722200393676757e-06,False
8.38764762878418,0.0,8.38764762878418,8.38764762878418e-06,False
8.419648170471191,0.0,8.419648170471191,8.41964817047119e-06,False
8.12247371673584,0.0,8.12247371673584,8.12247371673584e-06,False
6.433174133300781,0.0,6.433174133300781,6.433174133300781e-06,False
9.127946853637695,0.0,9.127946853637695,9.127946853637695e-06,False
7.420765399932861,0.0,7.420765399932861,7.420765399932861e-06,False
7.288000106811523,0.0,7.288000106811523,7.288000106811523e-06,False
8.367424964904785,0.0,8.367424964904785,8.367424964904785e-06,False
9.44367790222168,0.0,9.44367790222168,9.44367790222168e-06,False
6.246259689331055,0.0,6.246259689331055,6.246259689331055e-06,False
6.970963001251221,0.0,6.970963001251221,6.9709630012512204e-06,False
6.9674835205078125,0.0,6.9674835205078125,6.9674835205078125e-06,False
9.52542495727539,0.0,9.52542495727539,9.52542495727539e-06,False
7.425933837890625,0.0,7.425933837890625,7.425933837890625e-06,False
7.870242595672607,0.0,7.870242595672607,7.870242595672608e-06,False
8.723841667175293,0.0,8.723841667175293,8.723841667175292e-06,False
7.397764682769775,0.0,7.397764682769775,7.397764682769775e-06,False
8.827354431152344,0.0,8.827354431152344,8.827354431152344e-06,False
8.93974781036377,0.0,8.93974781036377,8.93974781036377e-06,False
6.083420753479004,0.0,6.083420753479004,6.083420753479003e-06,False
8.05688762664795,0.0,8.05688762664795,8.05688762664795e-06,False
7.053583145141602,0.0,7.053583145141602,7.053583145141601e-06,False
8.526983261108398,0.0,8.526983261108398,8.526983261108397e-06,False
8.130929946899414,0.0,8.130929946899414,8.130929946899414e-06,False
7.888597011566162,0.0,7.888597011566162,7.888597011566161e-06,False
8.91882038116455,0.0,8.91882038116455,8.91882038116455e-06,False
7.744276523590088,0.0,7.744276523590088,7.744276523590088e-06,False
8.359983444213867,0.0,8.359983444213867,8.359983444213867e-06,False
7.7947773933410645,0.0,7.7947773933410645,7.794777393341065e-06,False
8.147669792175293,0.0,8.147669792175293,8.147669792175292e-06,False
7.962380409240723,0.0,7.962380409240723,7.962380409240723e-06,False
8.689562797546387,0.0,8.689562797546387,8.689562797546386e-06,False
8.412666320800781,0.0,8.412666320800781,8.412666320800781e-06,False
8.369400978088379,0.0,8.369400978088379,8.369400978088378e-06,False
8.120495796203613,0.0,8.120495796203613,8.120495796203612e-06,False
6.570784568786621,0.0,6.570784568786621,6.570784568786621e-06,False
9.12653636932373,0.0,9.12653636932373,9.12653636932373e-06,False
7.397672176361084,0.0,7.397672176361084,7.3976721763610836e-06,False
7.287484169006348,0.0,7.287484169006348,7.287484169006347e-06,False
8.33369255065918,0.0,8.33369255065918,8.33369255065918e-06,False
9.440879821777344,0.0,9.440879821777344,9.440879821777343e-06,False
6.219224452972412,0.0,6.219224452972412,6.2192244529724115e-06,False
7.050619602203369,0.0,7.050619602203369,7.050619602203369e-06,False
6.958328723907471,0.0,6.958328723907471,6.9583287239074705e-06,False
9.545575141906738,0.0,9.545575141906738,9.545575141906739e-06,False
7.364696502685547,0.0,7.364696502685547,7.364696502685546e-06,False
7.82026481628418,0.0,7.82026481628418,7.82026481628418e-06,False
8.749256134033203,0.0,8.749256134033203,8.749256134033203e-06,False
7.406485080718994,0.0,7.406485080718994,7.406485080718994e-06,False
8.783398628234863,0.0,8.783398628234863,8.783398628234863e-06,False
8.953328132629395,0.0,8.953328132629395,8.953328132629394e-06,False
6.004053592681885,0.0,6.004053592681885,6.0040535926818844e-06,False
8.2451171875,0.0,8.2451171875,8.245117187499999e-06,False
7.151974678039551,0.0,7.151974678039551,7.151974678039551e-06,False
8.671544075012207,0.0,8.671544075012207,8.671544075012206e-06,False
8.210003852844238,0.0,8.210003852844238,8.210003852844238e-06,False
8.012872695922852,0.0,8.012872695922852,8.012872695922851e-06,False
9.016305923461914,0.0,9.016305923461914,9.016305923461913e-06,False
7.8789963722229,0.0,7.8789963722229,7.8789963722229e-06,False
8.591632843017578,0.0,8.591632843017578,8.591632843017577e-06,False
7.887816429138184,0.0,7.887816429138184,7.887816429138184e-06,False
8.295099258422852,0.0,8.295099258422852,8.29509925842285e-06,False
7.999660015106201,0.0,7.999660015106201,7.9996600151062e-06,False
8.739937782287598,0.0,8.739937782287598,8.739937782287597e-06,False
8.432516098022461,0.0,8.432516098022461,8.43251609802246e-06,False
8.518617630004883,0.0,8.518617630004883,8.518617630004883e-06,False
8.39084529876709,0.0,8.39084529876709,8.39084529876709e-06,False
6.634292125701904,0.0,6.634292125701904,6.634292125701904e-06,False
9.227663040161133,0.0,9.227663040161133,9.227663040161132e-06,False
7.595094680786133,0.0,7.595094680786133,7.595094680786133e-06,False
7.3700385093688965,0.0,7.3700385093688965,7.370038509368896e-06,False
8.43920612335205,0.0,8.43920612335205,8.43920612335205e-06,False
9.66356086730957,0.0,9.66356086730957,9.66356086730957e-06,False
6.293289661407471,0.0,6.293289661407471,6.29328966140747e-06,False
7.1863908767700195,0.0,7.1863908767700195,7.186390876770019e-06,False
7.061280250549316,0.0,7.061280250549316,7.061280250549316e-06,False
9.563468933105469,0.0,9.563468933105469,9.563468933105469e-06,False
7.479597568511963,0.0,7.479597568511963,7.479597568511963e-06,False
8.066655158996582,0.0,8.066655158996582,8.066655158996582e-06,False
8.80737590789795,0.0,8.80737590789795,8.80737590789795e-06,False
7.595714569091797,0.0,7.595714569091797,7.595714569091796e-06,False
8.850921630859375,0.0,8.850921630859375,8.850921630859374e-06,False
9.000786781311035,0.0,9.000786781311035,9.000786781311034e-06,False
6.253686428070068,0.0,6.253686428070068,6.253686428070068e-06,False
8.360143661499023,0.0,8.360143661499023,8.360143661499022e-06,False
7.210815906524658,0.0,7.210815906524658,7.210815906524658e-06,False
8.725177764892578,0.0,8.725177764892578,8.725177764892577e-06,False
8.353007316589355,0.0,8.353007316589355,8.353007316589356e-06,False
8.119169235229492,0.0,8.119169235229492,8.119169235229491e-06,False
9.096393585205078,0.0,9.096393585205078,9.096393585205077e-06,False
7.979197978973389,0.0,7.979197978973389,7.979197978973389e-06,False
8.706480026245117,0.0,8.706480026245117,8.706480026245117e-06,False
7.984012603759766,0.0,7.984012603759766,7.984012603759765e-06,False
8.255399703979492,0.0,8.255399703979492,8.255399703979492e-06,False
8.040275573730469,0.0,8.040275573730469,8.040275573730469e-06,False
8.817961692810059,0.0,8.817961692810059,8.817961692810058e-06,False
8.45488452911377,0.0,8.45488452911377,8.45488452911377e-06,False
8.60405158996582,0.0,8.60405158996582,8.604051589965819e-06,False
8.373709678649902,0.0,8.373709678649902,8.373709678649903e-06,False
6.640634059906006,0.0,6.640634059906006,6.6406340599060055e-06,False
9.228157043457031,0.0,9.228157043457031,9.22815704345703e-06,False
7.599332809448242,0.0,7.599332809448242,7.5993328094482415e-06,False
7.410952568054199,0.0,7.410952568054199,7.410952568054199e-06,False
8.594676971435547,0.0,8.594676971435547,8.594676971435547e-06,False
9.68241024017334,0.0,9.68241024017334,9.682410240173339e-06,False
6.4220123291015625,0.0,6.4220123291015625,6.4220123291015625e-06,False
7.195962905883789,0.0,7.195962905883789,7.195962905883789e-06,False
7.077707767486572,0.0,7.077707767486572,7.077707767486572e-06,False
9.61934757232666,0.0,9.61934757232666,9.61934757232666e-06,False
7.550209045410156,0.0,7.550209045410156,7.550209045410156e-06,False
8.055096626281738,0.0,8.055096626281738,8.055096626281737e-06,False
8.879262924194336,0.0,8.879262924194336,8.879262924194336e-06,False
7.608918190002441,0.0,7.608918190002441,7.608918190002441e-06,False
8.963371276855469,0.0,8.963371276855469,8.963371276855469e-06,False
9.055827140808105,0.0,9.055827140808105,9.055827140808105e-06,False
6.2011895179748535,0.0,6.2011895179748535,6.201189517974854e-06,False
8.08693790435791,0.0,8.08693790435791,8.08693790435791e-06,False
7.1130266189575195,0.0,7.1130266189575195,7.113026618957519e-06,False
8.568290710449219,0.0,8.568290710449219,8.568290710449218e-06,False
8.218192100524902,0.0,8.218192100524902,8.218192100524901e-06,False
7.9499077796936035,0.0,7.9499077796936035,7.949907779693603e-06,False
8.989981651306152,0.0,8.989981651306152,8.989981651306152e-06,False
7.8528265953063965,0.0,7.8528265953063965,7.852826595306397e-06,False
8.586942672729492,0.0,8.586942672729492,8.586942672729492e-06,False
7.884903430938721,0.0,7.884903430938721,7.88490343093872e-06,False
8.195518493652344,0.0,8.195518493652344,8.195518493652344e-06,False
7.978299617767334,0.0,7.978299617767334,7.978299617767334e-06,False
8.743636131286621,0.0,8.743636131286621,8.743636131286621e-06,False
8.423480987548828,0.0,8.423480987548828,8.423480987548827e-06,False
8.476187705993652,0.0,8.476187705993652,8.476187705993652e-06,False
8.222807884216309,0.0,8.222807884216309,8.222807884216309e-06,False
6.4799604415893555,0.0,6.4799604415893555,6.479960441589355e-06,False
9.192853927612305,0.0,9.192853927612305,9.192853927612304e-06,False
7.486218452453613,0.0,7.486218452453613,7.486218452453613e-06,False
7.406052112579346,0.0,7.406052112579346,7.406052112579345e-06,False
8.431021690368652,0.0,8.431021690368652,8.431021690368652e-06,False
9.611651420593262,0.0,9.611651420593262,9.611651420593262e-06,False
6.296788692474365,0.0,6.296788692474365,6.296788692474365e-06,False
7.097303867340088,0.0,7.097303867340088,7.0973038673400875e-06,False
6.999410629272461,0.0,6.999410629272461,6.999410629272461e-06,False
9.59189510345459,0.0,9.59189510345459,9.59189510345459e-06,False
7.366698741912842,0.0,7.366698741912842,7.366698741912841e-06,False
7.986867904663086,0.0,7.986867904663086,7.986867904663086e-06,False
8.84980297088623,0.0,8.84980297088623,8.84980297088623e-06,False
7.463185787200928,0.0,7.463185787200928,7.463185787200927e-06,False
8.793147087097168,0.0,8.793147087097168,8.793147087097168e-06,False
9.054823875427246,0.0,9.054823875427246,9.054823875427246e-06,False
6.1215410232543945,0.0,6.1215410232543945,6.1215410232543945e-06,False
8.115216255187988,0.0,8.115216255187988,8.115216255187988e-06,False
7.028580188751221,0.0,7.028580188751221,7.0285801887512204e-06,False
8.473891258239746,0.0,8.473891258239746,8.473891258239746e-06,False
8.109158515930176,0.0,8.109158515930176,8.109158515930176e-06,False
7.8368401527404785,0.0,7.8368401527404785,7.836840152740478e-06,False
8.86686897277832,0.0,8.86686897277832,8.86686897277832e-06,False
7.722878932952881,0.0,7.722878932952881,7.722878932952881e-06,False
8.356795310974121,0.0,8.356795310974121,8.35679531097412e-06,False
7.8040771484375,0.0,7.8040771484375,7.8040771484375e-06,False
8.02353572845459,0.0,8.02353572845459,8.02353572845459e-06,False
7.940620422363281,0.0,7.940620422363281,7.94062042236328e-06,False
8.643733978271484,0.0,8.643733978271484,8.643733978271484e-06,False
8.329490661621094,0.0,8.329490661621094,8.329490661621094e-06,False
8.331581115722656,0.0,8.331581115722656,8.331581115722656e-06,False
8.099050521850586,0.0,8.099050521850586,8.099050521850585e-06,False
6.544204235076904,0.0,6.544204235076904,6.544204235076904e-06,False
9.056377410888672,0.0,9.056377410888672,9.056377410888672e-06,False
7.382633209228516,0.0,7.382633209228516,7.382633209228515e-06,False
7.234055519104004,0.0,7.234055519104004,7.234055519104004e-06,False
8.351252555847168,0.0,8.351252555847168,8.351252555847168e-06,False
9.475897789001465,0.0,9.475897789001465,9.475897789001465e-06,False
6.26051139831543,0.0,6.26051139831543,6.26051139831543e-06,False
7.052690029144287,0.0,7.052690029144287,7.0526900291442865e-06,False
6.947816371917725,0.0,6.947816371917725,6.947816371917725e-06,False
9.489228248596191,0.0,9.489228248596191,9.489228248596191e-06,False
7.381402969360352,0.0,7.381402969360352,7.381402969360351e-06,False
7.77776575088501,0.0,7.77776575088501,7.777765750885009e-06,False
8.683091163635254,0.0,8.683091163635254,8.683091163635253e-06,False
7.465208053588867,0.0,7.465208053588867,7.465208053588867e-06,False
8.750168800354004,0.0,8.750168800354004,8.750168800354004e-06,False
8.856954574584961,0.0,8.856954574584961,8.85695457458496e-06,False
5.906558990478516,0.0,5.906558990478516,5.906558990478515e-06,False
8.207104682922363,0.0,8.207104682922363,8.207104682922363e-06,False
7.168510913848877,0.0,7.168510913848877,7.168510913848876e-06,False
8.57591438293457,0.0,8.57591438293457,8.57591438293457e-06,False
8.293479919433594,0.0,8.293479919433594,8.293479919433594e-06,False
8.079855918884277,0.0,8.079855918884277,8.079855918884278e-06,False
9.038236618041992,0.0,9.038236618041992,9.038236618041992e-06,False
7.940973281860352,0.0,7.940973281860352,7.94097328186035e-06,False
8.547050476074219,0.0,8.547050476074219,8.547050476074219e-06,False
8.014325141906738,0.0,8.014325141906738,8.014325141906739e-06,False
8.194367408752441,0.0,8.194367408752441,8.19436740875244e-06,False
8.08840560913086,0.0,8.08840560913086,8.08840560913086e-06,False
8.892333030700684,0.0,8.892333030700684,8.892333030700684e-06,False
8.45814037322998,0.0,8.45814037322998,8.45814037322998e-06,False
8.487591743469238,0.0,8.487591743469238,8.487591743469238e-06,False
8.181355476379395,0.0,8.181355476379395,8.181355476379395e-06,False
6.536367893218994,0.0,6.536367893218994,6.536367893218994e-06,False
9.248514175415039,0.0,9.248514175415039,9.24851417541504e-06,False
7.465963363647461,0.0,7.465963363647461,7.4659633636474605e-06,False
7.544991493225098,0.0,7.544991493225098,7.5449914932250974e-06,False
8.541472434997559,0.0,8.541472434997559,8.541472434997558e-06,False
9.661565780639648,0.0,9.661565780639648,9.661565780639649e-06,False
6.4048686027526855,0.0,6.4048686027526855,6.404868602752685e-06,False
7.12826681137085,0.0,7.12826681137085,7.12826681137085e-06,False
7.069559574127197,0.0,7.069559574127197,7.0695595741271965e-06,False
9.757537841796875,0.0,9.757537841796875,9.757537841796875e-06,False
7.490011215209961,0.0,7.490011215209961,7.490011215209961e-06,False
7.949588298797607,0.0,7.949588298797607,7.949588298797608e-06,False
8.944901466369629,0.0,8.944901466369629,8.944901466369628e-06,False
7.451655864715576,0.0,7.451655864715576,7.451655864715576e-06,False
8.92770004272461,0.0,8.92770004272461,8.927700042724609e-06,False
9.051765441894531,0.0,9.051765441894531,9.05176544189453e-06,False
6.0317583084106445,0.0,6.0317583084106445,6.0317583084106445e-06,False
8.260251998901367,0.0,8.260251998901367,8.260251998901368e-06,False
7.180505275726318,0.0,7.180505275726318,7.180505275726318e-06,False
8.631296157836914,0.0,8.631296157836914,8.631296157836914e-06,False
8.292407989501953,0.0,8.292407989501953,8.292407989501952e-06,False
8.045568466186523,0.0,8.045568466186523,8.045568466186523e-06,False
9.037992477416992,0.0,9.037992477416992,9.037992477416992e-06,False
7.838817596435547,0.0,7.838817596435547,7.838817596435546e-06,False
8.557891845703125,0.0,8.557891845703125,8.557891845703124e-06,False
7.930395126342773,0.0,7.930395126342773,7.930395126342773e-06,False
8.159628868103027,0.0,8.159628868103027,8.159628868103026e-06,False
8.075820922851562,0.0,8.075820922851562,8.075820922851562e-06,False
8.776379585266113,0.0,8.776379585266113,8.776379585266113e-06,False
8.474397659301758,0.0,8.474397659301758,8.474397659301757e-06,False
8.558355331420898,0.0,8.558355331420898,8.558355331420898e-06,False
8.232732772827148,0.0,8.232732772827148,8.232732772827148e-06,False
6.583373546600342,0.0,6.583373546600342,6.583373546600341e-06,False
9.172462463378906,0.0,9.172462463378906,9.172462463378906e-06,False
7.473088264465332,0.0,7.473088264465332,7.473088264465331e-06,False
7.3744215965271,0.0,7.3744215965271,7.374421596527099e-06,False
8.4940824508667,0.0,8.4940824508667,8.4940824508667e-06,False
9.50982666015625,0.0,9.50982666015625,9.50982666015625e-06,False
6.3099822998046875,0.0,6.3099822998046875,6.309982299804687e-06,False
7.106852054595947,0.0,7.106852054595947,7.1068520545959466e-06,False
7.026434421539307,0.0,7.026434421539307,7.026434421539306e-06,False
9.635772705078125,0.0,9.635772705078125,9.635772705078125e-06,False
7.400750637054443,0.0,7.400750637054443,7.400750637054443e-06,False
7.863986492156982,0.0,7.863986492156982,7.863986492156982e-06,False
8.804769515991211,0.0,8.804769515991211,8.80476951599121e-06,False
7.46909236907959,0.0,7.46909236907959,7.46909236907959e-06,False
8.873738288879395,0.0,8.873738288879395,8.873738288879394e-06,False
9.104042053222656,0.0,9.104042053222656,9.104042053222656e-06,False
5.950992107391357,0.0,5.950992107391357,5.950992107391357e-06,False
8.217912673950195,0.0,8.217912673950195,8.217912673950195e-06,False
7.167566776275635,0.0,7.167566776275635,7.167566776275634e-06,False
8.571087837219238,0.0,8.571087837219238,8.571087837219238e-06,False
8.286917686462402,0.0,8.286917686462402,8.286917686462402e-06,False
8.049134254455566,0.0,8.049134254455566,8.049134254455565e-06,False
9.098938941955566,0.0,9.098938941955566,9.098938941955567e-06,False
7.9418253898620605,0.0,7.9418253898620605,7.94182538986206e-06,False
8.584148406982422,0.0,8.584148406982422,8.584148406982422e-06,False
7.978860378265381,0.0,7.978860378265381,7.97886037826538e-06,False
8.232876777648926,0.0,8.232876777648926,8.232876777648926e-06,False
8.144064903259277,0.0,8.144064903259277,8.144064903259278e-06,False
8.851542472839355,0.0,8.851542472839355,8.851542472839354e-06,False
8.490093231201172,0.0,8.490093231201172,8.490093231201171e-06,False
8.534223556518555,0.0,8.534223556518555,8.534223556518554e-06,False
8.229133605957031,0.0,8.229133605957031,8.22913360595703e-06,False
6.571242809295654,0.0,6.571242809295654,6.571242809295654e-06,False
9.258801460266113,0.0,9.258801460266113,9.258801460266112e-06,False
7.478595733642578,0.0,7.478595733642578,7.478595733642578e-06,False
7.534417152404785,0.0,7.534417152404785,7.534417152404785e-06,False
8.56541633605957,0.0,8.56541633605957,8.56541633605957e-06,False
9.699638366699219,0.0,9.699638366699219,9.699638366699218e-06,False
6.384434700012207,0.0,6.384434700012207,6.384434700012207e-06,False
7.135473251342773,0.0,7.135473251342773,7.135473251342773e-06,False
7.0732741355896,0.0,7.0732741355896,7.073274135589599e-06,False
9.703398704528809,0.0,9.703398704528809,9.703398704528807e-06,False
7.422232151031494,0.0,7.422232151031494,7.422232151031494e-06,False
7.942340850830078,0.0,7.942340850830078,7.942340850830077e-06,False
8.96264934539795,0.0,8.96264934539795,8.962649345397949e-06,False
7.478799343109131,0.0,7.478799343109131,7.47879934310913e-06,False
8.917009353637695,0.0,8.917009353637695,8.917009353637695e-06,False
9.111135482788086,0.0,9.111135482788086,9.111135482788086e-06,False
6.018540859222412,0.0,6.018540859222412,6.0185408592224115e-06,False
8.28076171875,0.0,8.28076171875,8.28076171875e-06,False
7.240699768066406,0.0,7.240699768066406,7.240699768066406e-06,False
8.649853706359863,0.0,8.649853706359863,8.649853706359863e-06,False
8.393047332763672,0.0,8.393047332763672,8.393047332763672e-06,False
8.182215690612793,0.0,8.182215690612793,8.182215690612793e-06,False
9.1864652633667,0.0,9.1864652633667,9.186465263366699e-06,False
7.951921463012695,0.0,7.951921463012695,7.951921463012695e-06,False
8.67074203491211,0.0,8.67074203491211,8.67074203491211e-06,False
8.003626823425293,0.0,8.003626823425293,8.003626823425292e-06,False
8.319120407104492,0.0,8.319120407104492,8.319120407104491e-06,False
8.157408714294434,0.0,8.157408714294434,8.157408714294434e-06,False
8.890802383422852,0.0,8.890802383422852,8.890802383422852e-06,False
8.524897575378418,0.0,8.524897575378418,8.524897575378418e-06,False
8.642815589904785,0.0,8.642815589904785,8.642815589904786e-06,False
8.316901206970215,0.0,8.316901206970215,8.316901206970215e-06,False
6.604413986206055,0.0,6.604413986206055,6.604413986206055e-06,False
9.292937278747559,0.0,9.292937278747559,9.292937278747559e-06,False
7.477719306945801,0.0,7.477719306945801,7.4777193069458e-06,False
7.52817440032959,0.0,7.52817440032959,7.5281744003295895e-06,False
8.64158821105957,0.0,8.64158821105957,8.64158821105957e-06,False
9.649794578552246,0.0,9.649794578552246,9.649794578552245e-06,False
6.402618885040283,0.0,6.402618885040283,6.402618885040283e-06,False
7.135475158691406,0.0,7.135475158691406,7.135475158691406e-06,False
7.094258785247803,0.0,7.094258785247803,7.094258785247803e-06,False
9.742823600769043,0.0,9.742823600769043,9.742823600769042e-06,False
7.423899173736572,0.0,7.423899173736572,7.423899173736572e-06,False
7.9730377197265625,0.0,7.9730377197265625,7.973037719726563e-06,False
8.957380294799805,0.0,8.957380294799805,8.957380294799804e-06,False
7.482444763183594,0.0,7.482444763183594,7.482444763183593e-06,False
8.966524124145508,0.0,8.966524124145508,8.966524124145508e-06,False
9.244027137756348,0.0,9.244027137756348,9.244027137756347e-06,False
6.117602348327637,0.0,6.117602348327637,6.117602348327637e-06,False
8.19308090209961,0.0,8.19308090209961,8.19308090209961e-06,False
7.206855773925781,0.0,7.206855773925781,7.206855773925781e-06,False
8.564620971679688,0.0,8.564620971679688,8.564620971679687e-06,False
8.308663368225098,0.0,8.308663368225098,8.308663368225098e-06,False
8.105265617370605,0.0,8.105265617370605,8.105265617370605e-06,False
9.012513160705566,0.0,9.012513160705566,9.012513160705567e-06,False
7.841069221496582,0.0,7.841069221496582,7.841069221496582e-06,False
8.539834976196289,0.0,8.539834976196289,8.539834976196289e-06,False
7.9177656173706055,0.0,7.9177656173706055,7.917765617370606e-06,False
8.299223899841309,0.0,8.299223899841309,8.299223899841308e-06,False
8.0857515335083,0.0,8.0857515335083,8.0857515335083e-06,False
8.838028907775879,0.0,8.838028907775879,8.838028907775878e-06,False
8.406135559082031,0.0,8.406135559082031,8.406135559082032e-06,False
8.537871360778809,0.0,8.537871360778809,8.537871360778809e-06,False
8.161604881286621,0.0,8.161604881286621,8.16160488128662e-06,False
6.559354305267334,0.0,6.559354305267334,6.559354305267334e-06,False
9.155141830444336,0.0,9.155141830444336,9.155141830444336e-06,False
7.370017051696777,0.0,7.370017051696777,7.370017051696777e-06,False
7.454016208648682,0.0,7.454016208648682,7.454016208648681e-06,False
8.56773567199707,0.0,8.56773567199707,8.56773567199707e-06,False
9.556516647338867,0.0,9.556516647338867,9.556516647338866e-06,False
6.370038032531738,0.0,6.370038032531738,6.370038032531738e-06,False
7.036261558532715,0.0,7.036261558532715,7.036261558532715e-06,False
7.000279903411865,0.0,7.000279903411865,7.000279903411865e-06,False
9.647852897644043,0.0,9.647852897644043,9.647852897644043e-06,False
7.371984958648682,0.0,7.371984958648682,7.371984958648681e-06,False
7.862420082092285,0.0,7.862420082092285,7.862420082092284e-06,False
8.871084213256836,0.0,8.871084213256836,8.871084213256836e-06,False
7.423996925354004,0.0,7.423996925354004,7.423996925354003e-06,False
8.882506370544434,0.0,8.882506370544434,8.882506370544434e-06,False
9.129783630371094,0.0,9.129783630371094,9.129783630371093e-06,False
6.038383960723877,0.0,6.038383960723877,6.038383960723877e-06,False
8.110136032104492,0.0,8.110136032104492,8.110136032104492e-06,False
7.087252140045166,0.0,7.087252140045166,7.087252140045166e-06,False
8.494608879089355,0.0,8.494608879089355,8.494608879089355e-06,False
8.192907333374023,0.0,8.192907333374023,8.192907333374023e-06,False
7.886302947998047,0.0,7.886302947998047,7.886302947998046e-06,False
8.9290189743042,0.0,8.9290189743042,8.9290189743042e-06,False
7.817310333251953,0.0,7.817310333251953,7.817310333251953e-06,False
8.528313636779785,0.0,8.528313636779785,8.528313636779785e-06,False
7.870041370391846,0.0,7.870041370391846,7.870041370391846e-06,False
8.051472663879395,0.0,8.051472663879395,8.051472663879393e-06,False
7.9909281730651855,0.0,7.9909281730651855,7.990928173065186e-06,False
8.717020034790039,0.0,8.717020034790039,8.717020034790038e-06,False
8.382696151733398,0.0,8.382696151733398,8.382696151733399e-06,False
8.42249584197998,0.0,8.42249584197998,8.42249584197998e-06,False
8.105327606201172,0.0,8.105327606201172,8.105327606201171e-06,False
6.446767330169678,0.0,6.446767330169678,6.446767330169677e-06,False
9.153194427490234,0.0,9.153194427490234,9.153194427490233e-06,False
7.426513671875,0.0,7.426513671875,7.4265136718749995e-06,False
7.354028224945068,0.0,7.354028224945068,7.354028224945068e-06,False
8.417954444885254,0.0,8.417954444885254,8.417954444885254e-06,False
9.52541732788086,0.0,9.52541732788086,9.525417327880859e-06,False
6.301597595214844,0.0,6.301597595214844,6.301597595214844e-06,False
7.027203559875488,0.0,7.027203559875488,7.027203559875488e-06,False
6.986347675323486,0.0,6.986347675323486,6.986347675323486e-06,False
9.5628023147583,0.0,9.5628023147583,9.5628023147583e-06,False
7.371675968170166,0.0,7.371675968170166,7.371675968170166e-06,False
7.8525872230529785,0.0,7.8525872230529785,7.852587223052978e-06,False
8.768993377685547,0.0,8.768993377685547,8.768993377685546e-06,False
7.398818492889404,0.0,7.398818492889404,7.398818492889404e-06,False
8.805654525756836,0.0,8.805654525756836,8.805654525756835e-06,False
9.008723258972168,0.0,9.008723258972168,9.008723258972167e-06,False
5.983165264129639,0.0,5.983165264129639,5.983165264129638e-06,False
8.103182792663574,0.0,8.103182792663574,8.103182792663574e-06,False
7.1067962646484375,0.0,7.1067962646484375,7.106796264648437e-06,False
8.56653881072998,0.0,8.56653881072998,8.56653881072998e-06,False
8.197169303894043,0.0,8.197169303894043,8.197169303894043e-06,False
7.924277305603027,0.0,7.924277305603027,7.924277305603026e-06,False
9.03659725189209,0.0,9.03659725189209,9.036597251892089e-06,False
7.944838523864746,0.0,7.944838523864746,7.944838523864746e-06,False
8.581039428710938,0.0,8.581039428710938,8.581039428710937e-06,False
7.907855987548828,0.0,7.907855987548828,7.907855987548828e-06,False
8.14278507232666,0.0,8.14278507232666,8.14278507232666e-06,False
8.03206729888916,0.0,8.03206729888916,8.03206729888916e-06,False
8.773612976074219,0.0,8.773612976074219,8.773612976074219e-06,False
8.450769424438477,0.0,8.450769424438477,8.450769424438476e-06,False
8.422223091125488,0.0,8.422223091125488,8.422223091125488e-06,False
8.1780366897583,0.0,8.1780366897583,8.178036689758301e-06,False
6.5245747566223145,0.0,6.5245747566223145,6.524574756622314e-06,False
9.204191207885742,0.0,9.204191207885742,9.204191207885742e-06,False
7.491818904876709,0.0,7.491818904876709,7.491818904876709e-06,False
7.422870635986328,0.0,7.422870635986328,7.4228706359863275e-06,False
8.47945499420166,0.0,8.47945499420166,8.479454994201659e-06,False
9.678749084472656,0.0,9.678749084472656,9.678749084472656e-06,False
6.332797527313232,0.0,6.332797527313232,6.3327975273132326e-06,False
7.13045597076416,0.0,7.13045597076416,7.13045597076416e-06,False
7.001306533813477,0.0,7.001306533813477,7.001306533813476e-06,False
9.620038032531738,0.0,9.620038032531738,9.620038032531739e-06,False
7.421656131744385,0.0,7.421656131744385,7.421656131744384e-06,False
7.972250938415527,0.0,7.972250938415527,7.972250938415527e-06,False
8.923690795898438,0.0,8.923690795898438,8.923690795898437e-06,False
7.482327461242676,0.0,7.482327461242676,7.482327461242676e-06,False
8.852252006530762,0.0,8.852252006530762,8.852252006530762e-06,False
9.019383430480957,0.0,9.019383430480957,9.019383430480957e-06,False
6.044414043426514,0.0,6.044414043426514,6.044414043426514e-06,False
8.107233047485352,0.0,8.107233047485352,8.107233047485351e-06,False
7.177060127258301,0.0,7.177060127258301,7.1770601272583e-06,False
8.551298141479492,0.0,8.551298141479492,8.551298141479491e-06,False
8.319347381591797,0.0,8.319347381591797,8.319347381591797e-06,False
8.129776000976562,0.0,8.129776000976562,8.129776000976562e-06,False
9.067008018493652,0.0,9.067008018493652,9.067008018493651e-06,False
7.791773319244385,0.0,7.791773319244385,7.791773319244385e-06,False
8.594182968139648,0.0,8.594182968139648,8.594182968139648e-06,False
7.918079853057861,0.0,7.918079853057861,7.918079853057861e-06,False
8.278007507324219,0.0,8.278007507324219,8.278007507324218e-06,False
8.016023635864258,0.0,8.016023635864258,8.016023635864258e-06,False
8.760125160217285,0.0,8.760125160217285,8.760125160217284e-06,False
8.383094787597656,0.0,8.383094787597656,8.383094787597656e-06,False
8.556771278381348,0.0,8.556771278381348,8.556771278381347e-06,False
8.27473258972168,0.0,8.27473258972168,8.27473258972168e-06,False
6.561594486236572,0.0,6.561594486236572,6.561594486236572e-06,False
9.149059295654297,0.0,9.149059295654297,9.149059295654297e-06,False
7.355499744415283,0.0,7.355499744415283,7.3554997444152825e-06,False
7.396246433258057,0.0,7.396246433258057,7.396246433258056e-06,False
8.551852226257324,0.0,8.551852226257324,8.551852226257324e-06,False
9.553709030151367,0.0,9.553709030151367,9.553709030151367e-06,False
6.324751377105713,0.0,6.324751377105713,6.324751377105712e-06,False
7.066430568695068,0.0,7.066430568695068,7.066430568695068e-06,False
6.980610370635986,0.0,6.980610370635986,6.980610370635986e-06,False
9.62479305267334,0.0,9.62479305267334,9.624793052673339e-06,False
7.2692742347717285,0.0,7.2692742347717285,7.269274234771728e-06,False
7.910983562469482,0.0,7.910983562469482,7.910983562469482e-06,False
8.856168746948242,0.0,8.856168746948242,8.856168746948241e-06,False
7.451767921447754,0.0,7.451767921447754,7.451767921447754e-06,False
8.769912719726562,0.0,8.769912719726562,8.769912719726562e-06,False
9.20509147644043,0.0,9.20509147644043,9.205091476440429e-06,False
6.088698863983154,0.0,6.088698863983154,6.088698863983154e-06,False
8.162097930908203,0.0,8.162097930908203,8.162097930908202e-06,False
7.109920024871826,0.0,7.109920024871826,7.109920024871826e-06,False
8.452500343322754,0.0,8.452500343322754,8.452500343322754e-06,False
8.203313827514648,0.0,8.203313827514648,8.203313827514647e-06,False
7.97760534286499,0.0,7.97760534286499,7.97760534286499e-06,False
9.040210723876953,0.0,9.040210723876953,9.040210723876953e-06,False
7.7704877853393555,0.0,7.7704877853393555,7.770487785339356e-06,False
8.481758117675781,0.0,8.481758117675781,8.481758117675781e-06,False
7.888019561767578,0.0,7.888019561767578,7.888019561767579e-06,False
8.151693344116211,0.0,8.151693344116211,8.151693344116211e-06,False
8.085770606994629,0.0,8.085770606994629,8.08577060699463e-06,False
8.712468147277832,0.0,8.712468147277832,8.71246814727783e-06,False
8.367719650268555,0.0,8.367719650268555,8.367719650268554e-06,False
8.440176010131836,0.0,8.440176010131836,8.440176010131836e-06,False
8.25471305847168,0.0,8.25471305847168,8.25471305847168e-06,False
6.589300155639648,0.0,6.589300155639648,6.589300155639648e-06,False
9.182083129882812,0.0,9.182083129882812,9.182083129882812e-06,False
7.3885416984558105,0.0,7.3885416984558105,7.38854169845581e-06,False
7.385837554931641,0.0,7.385837554931641,7.385837554931641e-06,False
8.478960990905762,0.0,8.478960990905762,8.478960990905761e-06,False
9.633593559265137,0.0,9.633593559265137,9.633593559265136e-06,False
6.228946208953857,0.0,6.228946208953857,6.228946208953857e-06,False
7.102536201477051,0.0,7.102536201477051,7.10253620147705e-06,False
7.029383182525635,0.0,7.029383182525635,7.029383182525634e-06,False
9.574894905090332,0.0,9.574894905090332,9.574894905090331e-06,False
7.355523109436035,0.0,7.355523109436035,7.355523109436035e-06,False
7.896342754364014,0.0,7.896342754364014,7.896342754364013e-06,False
8.829596519470215,0.0,8.829596519470215,8.829596519470214e-06,False
7.488737106323242,0.0,7.488737106323242,7.488737106323242e-06,False
8.803427696228027,0.0,8.803427696228027,8.803427696228026e-06,False
9.018099784851074,0.0,9.018099784851074,9.018099784851074e-06,False
5.977507591247559,0.0,5.977507591247559,5.977507591247558e-06,False
8.20833683013916,0.0,8.20833683013916,8.20833683013916e-06,False
7.190999984741211,0.0,7.190999984741211,7.190999984741211e-06,False
8.620340347290039,0.0,8.620340347290039,8.620340347290038e-06,False
8.33990478515625,0.0,8.33990478515625,8.339904785156249e-06,False
8.077021598815918,0.0,8.077021598815918,8.077021598815917e-06,False
9.049662590026855,0.0,9.049662590026855,9.049662590026854e-06,False
7.944848537445068,0.0,7.944848537445068,7.944848537445068e-06,False
8.621338844299316,0.0,8.621338844299316,8.621338844299317e-06,False
8.039139747619629,0.0,8.039139747619629,8.039139747619628e-06,False
8.230755805969238,0.0,8.230755805969238,8.230755805969238e-06,False
8.091973304748535,0.0,8.091973304748535,8.091973304748535e-06,False
8.846155166625977,0.0,8.846155166625977,8.846155166625975e-06,False
8.449638366699219,0.0,8.449638366699219,8.449638366699218e-06,False
8.570722579956055,0.0,8.570722579956055,8.570722579956054e-06,False
8.24551010131836,0.0,8.24551010131836,8.24551010131836e-06,False
6.560749053955078,0.0,6.560749053955078,6.560749053955078e-06,False
9.228711128234863,0.0,9.228711128234863,9.228711128234863e-06,False
7.521859169006348,0.0,7.521859169006348,7.521859169006347e-06,False
7.471611022949219,0.0,7.471611022949219,7.471611022949218e-06,False
8.536581993103027,0.0,8.536581993103027,8.536581993103027e-06,False
9.616948127746582,0.0,9.616948127746582,9.616948127746582e-06,False
6.303961753845215,0.0,6.303961753845215,6.303961753845215e-06,False
7.134312629699707,0.0,7.134312629699707,7.134312629699706e-06,False
7.093322277069092,0.0,7.093322277069092,7.093322277069091e-06,False
9.748756408691406,0.0,9.748756408691406,9.748756408691405e-06,False
7.477360725402832,0.0,7.477360725402832,7.477360725402831e-06,False
7.954405784606934,0.0,7.954405784606934,7.954405784606932e-06,False
8.937715530395508,0.0,8.937715530395508,8.937715530395508e-06,False
7.461896896362305,0.0,7.461896896362305,7.461896896362304e-06,False
8.943511962890625,0.0,8.943511962890625,8.943511962890624e-06,False
9.136991500854492,0.0,9.136991500854492,9.136991500854491e-06,False
6.026895523071289,0.0,6.026895523071289,6.026895523071289e-06,False
8.181646347045898,0.0,8.181646347045898,8.181646347045898e-06,False
7.134145259857178,0.0,7.134145259857178,7.134145259857177e-06,False
8.589190483093262,0.0,8.589190483093262,8.589190483093261e-06,False
8.177708625793457,0.0,8.177708625793457,8.177708625793457e-06,False
7.992817401885986,0.0,7.992817401885986,7.992817401885985e-06,False
8.949841499328613,0.0,8.949841499328613,8.949841499328613e-06,False
7.855757713317871,0.0,7.855757713317871,7.85575771331787e-06,False
8.489848136901855,0.0,8.489848136901855,8.489848136901855e-06,False
7.862362384796143,0.0,7.862362384796143,7.862362384796142e-06,False
8.222955703735352,0.0,8.222955703735352,8.222955703735351e-06,False
8.034982681274414,0.0,8.034982681274414,8.034982681274414e-06,False
8.769636154174805,0.0,8.769636154174805,8.769636154174804e-06,False
8.384917259216309,0.0,8.384917259216309,8.384917259216308e-06,False
8.422398567199707,0.0,8.422398567199707,8.422398567199706e-06,False
8.156478881835938,0.0,8.156478881835938,8.156478881835937e-06,False
6.584293842315674,0.0,6.584293842315674,6.584293842315673e-06,False
9.147278785705566,0.0,9.147278785705566,9.147278785705566e-06,False
7.4624152183532715,0.0,7.4624152183532715,7.462415218353271e-06,False
7.398695945739746,0.0,7.398695945739746,7.398695945739746e-06,False
8.450215339660645,0.0,8.450215339660645,8.450215339660644e-06,False
9.598844528198242,0.0,9.598844528198242,9.598844528198242e-06,False
6.2830610275268555,0.0,6.2830610275268555,6.2830610275268556e-06,False
7.08769416809082,0.0,7.08769416809082,7.08769416809082e-06,False
6.976373195648193,0.0,6.976373195648193,6.976373195648193e-06,False
9.599263191223145,0.0,9.599263191223145,9.599263191223145e-06,False
7.407562255859375,0.0,7.407562255859375,7.407562255859375e-06,False
7.927066802978516,0.0,7.927066802978516,7.927066802978516e-06,False
8.832033157348633,0.0,8.832033157348633,8.832033157348633e-06,False
7.46828556060791,0.0,7.46828556060791,7.46828556060791e-06,False
8.843544006347656,0.0,8.843544006347656,8.843544006347656e-06,False
8.961954116821289,0.0,8.961954116821289,8.961954116821289e-06,False
6.039343357086182,0.0,6.039343357086182,6.039343357086182e-06,False
8.249629974365234,0.0,8.249629974365234,8.249629974365234e-06,False
7.208326816558838,0.0,7.208326816558838,7.2083268165588376e-06,False
8.63884162902832,0.0,8.63884162902832,8.63884162902832e-06,False
8.35788631439209,0.0,8.35788631439209,8.35788631439209e-06,False
8.123957633972168,0.0,8.123957633972168,8.123957633972168e-06,False
9.139930725097656,0.0,9.139930725097656,9.139930725097656e-06,False
7.918782711029053,0.0,7.918782711029053,7.918782711029053e-06,False
8.69389820098877,0.0,8.69389820098877,8.69389820098877e-06,False
7.9692182540893555,0.0,7.9692182540893555,7.969218254089355e-06,False
8.293098449707031,0.0,8.293098449707031,8.29309844970703e-06,False
8.124464988708496,0.0,8.124464988708496,8.124464988708496e-06,False
8.8446044921875,0.0,8.8446044921875,8.844604492187499e-06,False
8.49472713470459,0.0,8.49472713470459,8.494727134704589e-06,False
8.638540267944336,0.0,8.638540267944336,8.638540267944336e-06,False
8.2868013381958,0.0,8.2868013381958,8.2868013381958e-06,False
6.552309036254883,0.0,6.552309036254883,6.5523090362548825e-06,False
9.292366981506348,0.0,9.292366981506348,9.292366981506348e-06,False
7.49909782409668,0.0,7.49909782409668,7.499097824096679e-06,False
7.5127363204956055,0.0,7.5127363204956055,7.5127363204956055e-06,False
8.593216896057129,0.0,8.593216896057129,8.593216896057129e-06,False
9.66160774230957,0.0,9.66160774230957,9.66160774230957e-06,False
6.385866641998291,0.0,6.385866641998291,6.385866641998291e-06,False
7.105944633483887,0.0,7.105944633483887,7.105944633483887e-06,False
7.079536437988281,0.0,7.079536437988281,7.079536437988281e-06,False
9.694779396057129,0.0,9.694779396057129,9.694779396057129e-06,False
7.405838489532471,0.0,7.405838489532471,7.40583848953247e-06,False
8.009042739868164,0.0,8.009042739868164,8.009042739868164e-06,False
8.943351745605469,0.0,8.943351745605469,8.943351745605469e-06,False
7.478903770446777,0.0,7.478903770446777,7.478903770446777e-06,False
8.934556007385254,0.0,8.934556007385254,8.934556007385254e-06,False
9.215391159057617,0.0,9.215391159057617,9.215391159057617e-06,False
6.148038387298584,0.0,6.148038387298584,6.148038387298584e-06,False
8.356884956359863,0.0,8.356884956359863,8.356884956359863e-06,False
7.26662015914917,0.0,7.26662015914917,7.266620159149169e-06,False
8.666576385498047,0.0,8.666576385498047,8.666576385498047e-06,False
8.327675819396973,0.0,8.327675819396973,8.327675819396973e-06,False
8.291000366210938,0.0,8.291000366210938,8.291000366210936e-06,False
9.094532012939453,0.0,9.094532012939453,9.094532012939453e-06,False
8.039478302001953,0.0,8.039478302001953,8.039478302001953e-06,False
8.66906452178955,0.0,8.66906452178955,8.66906452178955e-06,False
8.008373260498047,0.0,8.008373260498047,8.008373260498046e-06,False
8.451519012451172,0.0,8.451519012451172,8.451519012451171e-06,False
8.165505409240723,0.0,8.165505409240723,8.165505409240723e-06,False
8.962589263916016,0.0,8.962589263916016,8.962589263916015e-06,False
8.401347160339355,0.0,8.401347160339355,8.401347160339355e-06,False
8.56749153137207,0.0,8.56749153137207,8.56749153137207e-06,False
8.277484893798828,0.0,8.277484893798828,8.277484893798828e-06,False
6.668900966644287,0.0,6.668900966644287,6.668900966644286e-06,False
9.219913482666016,1.6013477e+29,1.6013476741333614e+29,9.219913482666014e-06,False
7.4771928787231445,0.0,7.4771928787231445,7.477192878723144e-06,False
7.613556385040283,1.6013477e+29,1.6013476741333614e+29,7.613556385040283e-06,False
8.717148780822754,0.0,8.717148780822754,8.717148780822753e-06,False
9.79296588897705,1.6013477e+29,1.6013476741333614e+29,9.79296588897705e-06,False
6.471750736236572,0.0,6.471750736236572,6.471750736236572e-06,False
7.124325752258301,0.0,7.124325752258301,7.1243257522583e-06,False
7.0421624183654785,0.0,7.0421624183654785,7.0421624183654786e-06,False
9.716377258300781,0.0,9.716377258300781,9.71637725830078e-06,False
7.483592987060547,0.0,7.483592987060547,7.483592987060547e-06,False
8.07375431060791,0.0,8.07375431060791,8.07375431060791e-06,False
9.04531192779541,0.0,9.04531192779541,9.045311927795409e-06,False
7.541805267333984,0.0,7.541805267333984,7.541805267333984e-06,False
9.016063690185547,0.0,9.016063690185547,9.016063690185546e-06,False
9.081729888916016,0.0,9.081729888916016,9.081729888916015e-06,False
6.233224868774414,0.0,6.233224868774414,6.233224868774414e-06,False
